{"cameraMode":{"drawMode":0,"name":"Shaded","section":"Shading Mode"},"sceneLighting":true,"audioPlay":false,"sceneViewState":{"showFog":true,"showMaterialUpdate":false,"showSkybox":true,"showFlares":true,"showImageEffects":true,"showParticleSystems":true},"in2DMode":false,"pivot":{"x":5.512524127960205,"y":2.585345506668091,"z":-3.8470470905303957},"rotation":{"x":-0.23208044469356538,"y":-0.3568492531776428,"z":0.09199389070272446,"w":-0.9002136588096619},"size":20.025476455688478,"orthographic":false}